2025-05-19;17:43:57;Logan;"Fatima Vandelli";4496;Panto;1010
2025-05-19;17:44:59;Logan;"Jessy Williams";terre;Panto;710
2025-05-19;18:12:21;Logan;"Fatima Vandelli";rezrzr;Blazer;415
2025-05-19;18:14:19;Logan;"Fatima Vandelli";8EE465ZQ;Panto;310
2025-05-19;18:16:16;Logan;ezaeaz;10101;Panto;1010
2025-05-19;18:19:14;Logan;"Fatima Vandelli";5IH189CV;Panto;310
2025-06-12;14:16:35;Logan;test;test;Panto;10;ajoutée
2025-06-12;14:24:19;Logan;testt;testt;Emperor;710;ajoutée
2025-06-12;14:24:28;Logan;test;testt;Emperor;1410.00;ajoutée
2025-06-12;14:46:35;Logan;test;test;Tornado;50;ajoutée
2025-06-13;15:59:46;Logan;test;testt;Panto;310;ajoutée
2025-06-15;14:47:53;Logan;testr;test;Kalahari;300;ajoutée
